Values|Definition
UNINCORPORATED|Municipality in Kansas
ABBYVILLE|Municipality in Kansas
ABILENE|Municipality in Kansas
ADMIRE|Municipality in Kansas
AGENDA|Municipality in Kansas
AGRA|Municipality in Kansas
ALBERT|Municipality in Kansas
ALDEN|Municipality in Kansas
ALEXANDER|Municipality in Kansas
ALLEN|Municipality in Kansas
ALMA|Municipality in Kansas
ALMENA|Municipality in Kansas
ALTA VISTA|Municipality in Kansas
ALTAMONT|Municipality in Kansas
ALTON|Municipality in Kansas
ALTOONA|Municipality in Kansas
AMERICUS|Municipality in Kansas
ANDALE|Municipality in Kansas
ANDOVER |Municipality in Kansas
ANTHONY|Municipality in Kansas
ARCADIA|Municipality in Kansas
ARGONIA|Municipality in Kansas
ARKANSAS CITY|Municipality in Kansas
ARLINGTON|Municipality in Kansas
ARMA|Municipality in Kansas
ASHLAND|Municipality in Kansas
ASSARIA|Municipality in Kansas
ATCHISON|Municipality in Kansas
ATHOL|Municipality in Kansas
ATLANTA|Municipality in Kansas
ATTICA|Municipality in Kansas
ATWOOD|Municipality in Kansas
AUBURN|Municipality in Kansas
AUGUSTA|Municipality in Kansas
AURORA|Municipality in Kansas
AXTELL|Municipality in Kansas
BALDWIN CITY|Municipality in Kansas
BARNARD|Municipality in Kansas
BARNES|Municipality in Kansas
BARTLETT|Municipality in Kansas
BASEHOR|Municipality in Kansas
BASSETT|Municipality in Kansas
BAXTER SPRINGS|Municipality in Kansas
BAZINE|Municipality in Kansas
BEATTIE|Municipality in Kansas
BEL AIRE|Municipality in Kansas
BELLE PLAINE|Municipality in Kansas
BELLEVILLE|Municipality in Kansas
BELOIT|Municipality in Kansas
BELPRE|Municipality in Kansas
BELVUE|Municipality in Kansas
BENEDICT|Municipality in Kansas
BENNINGTON|Municipality in Kansas
BENTLEY|Municipality in Kansas
BENTON|Municipality in Kansas
BERN|Municipality in Kansas
BEVERLY|Municipality in Kansas
BIRD CITY|Municipality in Kansas
BISON|Municipality in Kansas
BLUE MOUND|Municipality in Kansas
BLUE RAPIDS|Municipality in Kansas
BLUFF CITY|Municipality in Kansas
BOGUE|Municipality in Kansas
BONNER SPRINGS |Municipality in Kansas
BREWSTER|Municipality in Kansas
BRONSON|Municipality in Kansas
BROOKVILLE|Municipality in Kansas
BROWNELL|Municipality in Kansas
BUCKLIN|Municipality in Kansas
BUFFALO|Municipality in Kansas
BUHLER|Municipality in Kansas
BUNKER HILL|Municipality in Kansas
BURDEN|Municipality in Kansas
BURDETT|Municipality in Kansas
BURLINGAME|Municipality in Kansas
BURLINGTON|Municipality in Kansas
BURNS|Municipality in Kansas
BURR OAK|Municipality in Kansas
BURRTON|Municipality in Kansas
BUSHONG|Municipality in Kansas
BUSHTON|Municipality in Kansas
BYERS|Municipality in Kansas
CALDWELL|Municipality in Kansas
CAMBRIDGE|Municipality in Kansas
CANEY|Municipality in Kansas
CANTON|Municipality in Kansas
CARBONDALE|Municipality in Kansas
CARLTON|Municipality in Kansas
CASSODAY|Municipality in Kansas
CAWKER CITY|Municipality in Kansas
CEDAR|Municipality in Kansas
CEDAR POINT|Municipality in Kansas
CEDAR VALE|Municipality in Kansas
CENTRALIA|Municipality in Kansas
CHANUTE|Municipality in Kansas
CHAPMAN|Municipality in Kansas
CHASE|Municipality in Kansas
CHAUTAUQUA|Municipality in Kansas
CHENEY|Municipality in Kansas
CHEROKEE|Municipality in Kansas
CHERRYVALE|Municipality in Kansas
CHETOPA|Municipality in Kansas
CIMARRON|Municipality in Kansas
CIRCLEVILLE|Municipality in Kansas
CLAFLIN|Municipality in Kansas
CLAY CENTER|Municipality in Kansas
CLAYTON |Municipality in Kansas
CLEARWATER|Municipality in Kansas
CLIFTON |Municipality in Kansas
CLIMAX|Municipality in Kansas
CLYDE|Municipality in Kansas
COATS|Municipality in Kansas
COFFEYVILLE|Municipality in Kansas
COLBY|Municipality in Kansas
COLDWATER|Municipality in Kansas
COLLYER|Municipality in Kansas
COLONY|Municipality in Kansas
COLUMBUS|Municipality in Kansas
COLWICH|Municipality in Kansas
CONCORDIA|Municipality in Kansas
CONWAY SPRINGS|Municipality in Kansas
COOLIDGE|Municipality in Kansas
COPELAND|Municipality in Kansas
CORNING|Municipality in Kansas
COTTONWOOD FALLS|Municipality in Kansas
COUNCIL GROVE|Municipality in Kansas
COURTLAND|Municipality in Kansas
COYVILLE|Municipality in Kansas
CUBA|Municipality in Kansas
CULLISON|Municipality in Kansas
CULVER|Municipality in Kansas
CUNNINGHAM|Municipality in Kansas
DAMAR|Municipality in Kansas
DANVILLE|Municipality in Kansas
DE SOTO |Municipality in Kansas
DEARING|Municipality in Kansas
DEERFIELD|Municipality in Kansas
DELIA|Municipality in Kansas
DELPHOS|Municipality in Kansas
DENISON|Municipality in Kansas
DENTON|Municipality in Kansas
DERBY|Municipality in Kansas
DEXTER|Municipality in Kansas
DIGHTON|Municipality in Kansas
DODGE CITY|Municipality in Kansas
DORRANCE|Municipality in Kansas
DOUGLASS|Municipality in Kansas
DOWNS|Municipality in Kansas
DRESDEN|Municipality in Kansas
DUNLAP|Municipality in Kansas
DURHAM|Municipality in Kansas
DWIGHT|Municipality in Kansas
EARLTON|Municipality in Kansas
EASTBOROUGH|Municipality in Kansas
EASTON|Municipality in Kansas
EDGERTON|Municipality in Kansas
EDMOND|Municipality in Kansas
EDNA|Municipality in Kansas
EDWARDSVILLE|Municipality in Kansas
EFFINGHAM|Municipality in Kansas
EL DORADO|Municipality in Kansas
ELBING|Municipality in Kansas
ELGIN|Municipality in Kansas
ELK CITY|Municipality in Kansas
ELK FALLS|Municipality in Kansas
ELKHART|Municipality in Kansas
ELLINWOOD|Municipality in Kansas
ELLIS|Municipality in Kansas
ELLSWORTH|Municipality in Kansas
ELMDALE|Municipality in Kansas
ELSMORE|Municipality in Kansas
ELWOOD|Municipality in Kansas
EMMETT|Municipality in Kansas
EMPORIA|Municipality in Kansas
ENGLEWOOD|Municipality in Kansas
ENSIGN|Municipality in Kansas
ENTERPRISE|Municipality in Kansas
ERIE|Municipality in Kansas
ESBON|Municipality in Kansas
ESKRIDGE|Municipality in Kansas
EUDORA|Municipality in Kansas
EUREKA|Municipality in Kansas
EVEREST|Municipality in Kansas
FAIRVIEW|Municipality in Kansas
FAIRWAY|Municipality in Kansas
FALL RIVER|Municipality in Kansas
FLORENCE|Municipality in Kansas
FONTANA|Municipality in Kansas
FORD|Municipality in Kansas
FORMOSO|Municipality in Kansas
FORT SCOTT|Municipality in Kansas
FOWLER|Municipality in Kansas
FRANKFORT|Municipality in Kansas
FREDERICK|Municipality in Kansas
FREDONIA|Municipality in Kansas
FREEPORT|Municipality in Kansas
FRONTENAC|Municipality in Kansas
FULTON|Municipality in Kansas
GALATIA|Municipality in Kansas
GALENA|Municipality in Kansas
GALESBURG|Municipality in Kansas
GALVA|Municipality in Kansas
GARDEN CITY|Municipality in Kansas
GARDEN PLAIN|Municipality in Kansas
GARDNER|Municipality in Kansas
GARFIELD|Municipality in Kansas
GARNETT|Municipality in Kansas
GAS|Municipality in Kansas
GAYLORD|Municipality in Kansas
GEM|Municipality in Kansas
GENESEO|Municipality in Kansas
GEUDA SPRINGS |Municipality in Kansas
GIRARD|Municipality in Kansas
GLADE|Municipality in Kansas
GLASCO|Municipality in Kansas
GLEN ELDER|Municipality in Kansas
GODDARD|Municipality in Kansas
GOESSEL|Municipality in Kansas
GOFF|Municipality in Kansas
GOODLAND|Municipality in Kansas
GORHAM|Municipality in Kansas
GOVE CITY|Municipality in Kansas
GRAINFIELD|Municipality in Kansas
GRANDVIEW PLAZA|Municipality in Kansas
GREAT BEND|Municipality in Kansas
GREELEY|Municipality in Kansas
GREEN|Municipality in Kansas
GREENLEAF|Municipality in Kansas
GREENSBURG|Municipality in Kansas
GRENOLA|Municipality in Kansas
GRIDLEY|Municipality in Kansas
GRINNELL|Municipality in Kansas
GYPSUM|Municipality in Kansas
HADDAM|Municipality in Kansas
HALSTEAD|Municipality in Kansas
HAMILTON|Municipality in Kansas
HAMLIN|Municipality in Kansas
HANOVER|Municipality in Kansas
HANSTON|Municipality in Kansas
HARDTNER|Municipality in Kansas
HARPER|Municipality in Kansas
HARTFORD|Municipality in Kansas
HARVEYVILLE|Municipality in Kansas
HAVANA|Municipality in Kansas
HAVEN|Municipality in Kansas
HAVENSVILLE|Municipality in Kansas
HAVILAND|Municipality in Kansas
HAYS|Municipality in Kansas
HAYSVILLE|Municipality in Kansas
HAZELTON|Municipality in Kansas
HEPLER|Municipality in Kansas
HERINGTON |Municipality in Kansas
HERNDON|Municipality in Kansas
HESSTON|Municipality in Kansas
HIAWATHA|Municipality in Kansas
HIGHLAND|Municipality in Kansas
HILL CITY|Municipality in Kansas
HILLSBORO|Municipality in Kansas
HOISINGTON|Municipality in Kansas
HOLCOMB|Municipality in Kansas
HOLLENBERG|Municipality in Kansas
HOLTON|Municipality in Kansas
HOLYROOD|Municipality in Kansas
HOPE|Municipality in Kansas
HORACE|Municipality in Kansas
HORTON|Municipality in Kansas
HOWARD|Municipality in Kansas
HOXIE|Municipality in Kansas
HOYT|Municipality in Kansas
HUDSON|Municipality in Kansas
HUGOTON|Municipality in Kansas
HUMBOLDT|Municipality in Kansas
HUNNEWELL|Municipality in Kansas
HUNTER|Municipality in Kansas
HURON|Municipality in Kansas
HUTCHINSON|Municipality in Kansas
INDEPENDENCE|Municipality in Kansas
INGALLS|Municipality in Kansas
INMAN|Municipality in Kansas
IOLA|Municipality in Kansas
ISABEL|Municipality in Kansas
IUKA|Municipality in Kansas
JAMESTOWN|Municipality in Kansas
JENNINGS|Municipality in Kansas
JETMORE|Municipality in Kansas
JEWELL|Municipality in Kansas
JOHNSON CITY|Municipality in Kansas
JUNCTION CITY|Municipality in Kansas
KANOPOLIS|Municipality in Kansas
KANORADO|Municipality in Kansas
KANSAS CITY|Municipality in Kansas
KECHI|Municipality in Kansas
KENSINGTON|Municipality in Kansas
KINCAID|Municipality in Kansas
KINGMAN|Municipality in Kansas
KINSLEY|Municipality in Kansas
KIOWA|Municipality in Kansas
KIRWIN|Municipality in Kansas
KISMET|Municipality in Kansas
LA CROSSE|Municipality in Kansas
LA CYGNE|Municipality in Kansas
LA HARPE|Municipality in Kansas
LABETTE|Municipality in Kansas
LAKE QUIVIRA |Municipality in Kansas
LAKIN|Municipality in Kansas
LANCASTER|Municipality in Kansas
LANE|Municipality in Kansas
LANGDON|Municipality in Kansas
LANSING|Municipality in Kansas
LARNED|Municipality in Kansas
LATHAM|Municipality in Kansas
LATIMER|Municipality in Kansas
LAWRENCE|Municipality in Kansas
LEAVENWORTH|Municipality in Kansas
LEAWOOD|Municipality in Kansas
LEBANON|Municipality in Kansas
LEBO|Municipality in Kansas
LECOMPTON|Municipality in Kansas
LEHIGH|Municipality in Kansas
LENEXA|Municipality in Kansas
LENORA|Municipality in Kansas
LEON|Municipality in Kansas
LEONA|Municipality in Kansas
LEONARDVILLE|Municipality in Kansas
LEOTI|Municipality in Kansas
LEROY|Municipality in Kansas
LEWIS|Municipality in Kansas
LIBERAL|Municipality in Kansas
LIBERTY|Municipality in Kansas
LIEBENTHAL|Municipality in Kansas
LINCOLN CENTER|Municipality in Kansas
LINCOLNVILLE|Municipality in Kansas
LINDSBORG|Municipality in Kansas
LINN|Municipality in Kansas
LINN VALLEY|Municipality in Kansas
LINWOOD|Municipality in Kansas
LITTLE RIVER|Municipality in Kansas
LOGAN|Municipality in Kansas
LONE ELM|Municipality in Kansas
LONG ISLAND|Municipality in Kansas
LONGFORD|Municipality in Kansas
LONGTON|Municipality in Kansas
LORRAINE|Municipality in Kansas
LOST SPRINGS|Municipality in Kansas
LOUISBURG|Municipality in Kansas
LOUISVILLE|Municipality in Kansas
LUCAS|Municipality in Kansas
LURAY|Municipality in Kansas
LYNDON|Municipality in Kansas
LYONS|Municipality in Kansas
MACKSVILLE|Municipality in Kansas
MADISON|Municipality in Kansas
MAHASKA|Municipality in Kansas
MAIZE|Municipality in Kansas
MANCHESTER|Municipality in Kansas
MANHATTAN |Municipality in Kansas
MANKATO|Municipality in Kansas
MANTER|Municipality in Kansas
MAPLE HILL|Municipality in Kansas
MAPLETON|Municipality in Kansas
MARION|Municipality in Kansas
MARQUETTE|Municipality in Kansas
MARYSVILLE|Municipality in Kansas
MATFIELD GREEN|Municipality in Kansas
MAYETTA|Municipality in Kansas
MAYFIELD|Municipality in Kansas
MCCRACKEN|Municipality in Kansas
MCCUNE|Municipality in Kansas
MCDONALD|Municipality in Kansas
MCFARLAND|Municipality in Kansas
MCLOUTH|Municipality in Kansas
MCPHERSON|Municipality in Kansas
MEADE|Municipality in Kansas
MEDICINE LODGE|Municipality in Kansas
MELVERN|Municipality in Kansas
MENLO|Municipality in Kansas
MERIDEN|Municipality in Kansas
MERRIAM|Municipality in Kansas
MILAN|Municipality in Kansas
MILDRED|Municipality in Kansas
MILFORD|Municipality in Kansas
MILTONVALE|Municipality in Kansas
MINNEAPOLIS|Municipality in Kansas
MINNEOLA|Municipality in Kansas
MISSION|Municipality in Kansas
MISSION HILLS|Municipality in Kansas
MISSION WOODS|Municipality in Kansas
MOLINE|Municipality in Kansas
MONTEZUMA|Municipality in Kansas
MORAN|Municipality in Kansas
MORGANVILLE|Municipality in Kansas
MORLAND|Municipality in Kansas
MORRILL|Municipality in Kansas
MORROWVILLE|Municipality in Kansas
MOSCOW|Municipality in Kansas
MOUND CITY|Municipality in Kansas
MOUND VALLEY|Municipality in Kansas
MOUNDRIDGE|Municipality in Kansas
MOUNT HOPE|Municipality in Kansas
MULBERRY|Municipality in Kansas
MULLINVILLE|Municipality in Kansas
MULVANE |Municipality in Kansas
MUNDEN|Municipality in Kansas
MUSCOTAH|Municipality in Kansas
NARKA|Municipality in Kansas
NASHVILLE|Municipality in Kansas
NATOMA|Municipality in Kansas
NEODESHA|Municipality in Kansas
NEOSHO FALLS|Municipality in Kansas
NEOSHO RAPIDS|Municipality in Kansas
NESS CITY|Municipality in Kansas
NETAWAKA|Municipality in Kansas
NEW ALBANY|Municipality in Kansas
NEW CAMBRIA|Municipality in Kansas
NEW STRAWN|Municipality in Kansas
NEWTON|Municipality in Kansas
NICKERSON|Municipality in Kansas
NIOTAZE|Municipality in Kansas
NORCATUR|Municipality in Kansas
NORTH NEWTON|Municipality in Kansas
NORTON|Municipality in Kansas
NORTONVILLE|Municipality in Kansas
NORWICH|Municipality in Kansas
OAK HILL|Municipality in Kansas
OAKLEY |Municipality in Kansas
OBERLIN|Municipality in Kansas
OFFERLE|Municipality in Kansas
OGDEN|Municipality in Kansas
OKETO|Municipality in Kansas
OLATHE|Municipality in Kansas
OLIVET|Municipality in Kansas
OLMITZ|Municipality in Kansas
OLPE|Municipality in Kansas
OLSBURG|Municipality in Kansas
ONAGA|Municipality in Kansas
ONEIDA|Municipality in Kansas
OSAGE CITY|Municipality in Kansas
OSAWATOMIE|Municipality in Kansas
OSBORNE|Municipality in Kansas
OSKALOOSA|Municipality in Kansas
OSWEGO|Municipality in Kansas
OTIS|Municipality in Kansas
OTTAWA|Municipality in Kansas
OVERBROOK|Municipality in Kansas
OVERLAND PARK|Municipality in Kansas
OXFORD|Municipality in Kansas
OZAWKIE|Municipality in Kansas
PALCO|Municipality in Kansas
PALMER|Municipality in Kansas
PAOLA|Municipality in Kansas
PARADISE|Municipality in Kansas
PARK|Municipality in Kansas
PARK CITY|Municipality in Kansas
PARKER|Municipality in Kansas
PARKERFIELD|Municipality in Kansas
PARKERVILLE|Municipality in Kansas
PARSONS|Municipality in Kansas
PARTRIDGE|Municipality in Kansas
PAWNEE ROCK|Municipality in Kansas
PAXICO|Municipality in Kansas
PEABODY|Municipality in Kansas
PENALOSA|Municipality in Kansas
PERRY|Municipality in Kansas
PERU|Municipality in Kansas
PHILLIPSBURG|Municipality in Kansas
PITTSBURG|Municipality in Kansas
PLAINS|Municipality in Kansas
PLAINVILLE|Municipality in Kansas
PLEASANTON|Municipality in Kansas
PLEVNA|Municipality in Kansas
POMONA|Municipality in Kansas
PORTIS|Municipality in Kansas
POTWIN|Municipality in Kansas
POWHATTAN|Municipality in Kansas
PRAIRIE VIEW|Municipality in Kansas
PRAIRIE VILLAGE|Municipality in Kansas
PRATT|Municipality in Kansas
PRESCOTT|Municipality in Kansas
PRESTON|Municipality in Kansas
PRETTY PRAIRIE|Municipality in Kansas
PRINCETON|Municipality in Kansas
PROTECTION|Municipality in Kansas
QUENEMO|Municipality in Kansas
QUINTER|Municipality in Kansas
RADIUM|Municipality in Kansas
RAMONA|Municipality in Kansas
RANDALL|Municipality in Kansas
RANDOLPH|Municipality in Kansas
RANSOM|Municipality in Kansas
RANTOUL|Municipality in Kansas
RAYMOND|Municipality in Kansas
READING|Municipality in Kansas
REDFIELD|Municipality in Kansas
REPUBLIC|Municipality in Kansas
RESERVE|Municipality in Kansas
REXFORD|Municipality in Kansas
RICHFIELD|Municipality in Kansas
RICHMOND|Municipality in Kansas
RILEY|Municipality in Kansas
ROBINSON|Municipality in Kansas
ROELAND PARK|Municipality in Kansas
ROLLA|Municipality in Kansas
ROSE HILL|Municipality in Kansas
ROSELAND|Municipality in Kansas
ROSSVILLE|Municipality in Kansas
ROZEL|Municipality in Kansas
RUSH CENTER|Municipality in Kansas
RUSSELL|Municipality in Kansas
RUSSELL SPRINGS|Municipality in Kansas
SABETHA |Municipality in Kansas
SALINA|Municipality in Kansas
SATANTA|Municipality in Kansas
SAVONBURG|Municipality in Kansas
SAWYER|Municipality in Kansas
SCAMMON|Municipality in Kansas
SCANDIA|Municipality in Kansas
SCHOENCHEN|Municipality in Kansas
SCOTT CITY|Municipality in Kansas
SCOTTSVILLE|Municipality in Kansas
SCRANTON|Municipality in Kansas
SEDAN|Municipality in Kansas
SEDGWICK |Municipality in Kansas
SELDEN|Municipality in Kansas
SENECA|Municipality in Kansas
SEVERANCE|Municipality in Kansas
SEVERY|Municipality in Kansas
SEWARD|Municipality in Kansas
SHARON|Municipality in Kansas
SHARON SPRINGS|Municipality in Kansas
SHAWNEE|Municipality in Kansas
SILVER LAKE|Municipality in Kansas
SIMPSON |Municipality in Kansas
SMITH CENTER|Municipality in Kansas
SMOLAN|Municipality in Kansas
SOLDIER|Municipality in Kansas
SOLOMON |Municipality in Kansas
SOUTH HAVEN|Municipality in Kansas
SOUTH HUTCHINSON|Municipality in Kansas
SPEARVILLE|Municipality in Kansas
SPEED|Municipality in Kansas
SPIVEY|Municipality in Kansas
SPRING HILL |Municipality in Kansas
ST. FRANCIS|Municipality in Kansas
ST. GEORGE|Municipality in Kansas
ST. JOHN|Municipality in Kansas
ST. MARYS |Municipality in Kansas
ST. PAUL|Municipality in Kansas
STAFFORD|Municipality in Kansas
STARK|Municipality in Kansas
STERLING|Municipality in Kansas
STOCKTON|Municipality in Kansas
STRONG CITY|Municipality in Kansas
SUBLETTE|Municipality in Kansas
SUMMERFIELD|Municipality in Kansas
SUN CITY|Municipality in Kansas
SUSANK|Municipality in Kansas
SYLVAN GROVE|Municipality in Kansas
SYLVIA|Municipality in Kansas
SYRACUSE|Municipality in Kansas
TAMPA|Municipality in Kansas
TESCOTT|Municipality in Kansas
THAYER|Municipality in Kansas
TIMKEN|Municipality in Kansas
TIPTON|Municipality in Kansas
TONGANOXIE|Municipality in Kansas
TOPEKA|Municipality in Kansas
TORONTO|Municipality in Kansas
TOWANDA|Municipality in Kansas
TRIBUNE|Municipality in Kansas
TROY|Municipality in Kansas
TURON|Municipality in Kansas
TYRO|Municipality in Kansas
UDALL|Municipality in Kansas
ULYSSES|Municipality in Kansas
UNIONTOWN|Municipality in Kansas
UTICA|Municipality in Kansas
VALLEY CENTER|Municipality in Kansas
VALLEY FALLS|Municipality in Kansas
VERMILLION|Municipality in Kansas
VICTORIA|Municipality in Kansas
VINING |Municipality in Kansas
VIOLA|Municipality in Kansas
VIRGIL|Municipality in Kansas
WAKEENEY|Municipality in Kansas
WAKEFIELD|Municipality in Kansas
WALDO|Municipality in Kansas
WALDRON|Municipality in Kansas
WALLACE|Municipality in Kansas
WALNUT|Municipality in Kansas
WALTON|Municipality in Kansas
WAMEGO|Municipality in Kansas
WASHINGTON|Municipality in Kansas
WATERVILLE|Municipality in Kansas
WATHENA|Municipality in Kansas
WAVERLY|Municipality in Kansas
WEBBER|Municipality in Kansas
WEIR|Municipality in Kansas
WELLINGTON|Municipality in Kansas
WELLSVILLE|Municipality in Kansas
WEST MINERAL|Municipality in Kansas
WESTMORELAND|Municipality in Kansas
WESTPHALIA|Municipality in Kansas
WESTWOOD|Municipality in Kansas
WESTWOOD HILLS|Municipality in Kansas
WETMORE|Municipality in Kansas
WHEATON|Municipality in Kansas
WHITE CITY|Municipality in Kansas
WHITE CLOUD|Municipality in Kansas
WHITEWATER|Municipality in Kansas
WHITING|Municipality in Kansas
WICHITA|Municipality in Kansas
WILLARD |Municipality in Kansas
WILLIAMSBURG|Municipality in Kansas
WILLIS|Municipality in Kansas
WILLOWBROOK|Municipality in Kansas
WILMORE|Municipality in Kansas
WILSEY|Municipality in Kansas
WILSON|Municipality in Kansas
WINCHESTER|Municipality in Kansas
WINDOM|Municipality in Kansas
WINFIELD|Municipality in Kansas
WINONA|Municipality in Kansas
WOODBINE|Municipality in Kansas
WOODSTON|Municipality in Kansas
YATES CENTER|Municipality in Kansas
ZENDA|Municipality in Kansas
ZURICH|Municipality in Kansas
