Values|Definition
64012|Zip Code in or bordering Kansas
64079|Zip Code in or bordering Kansas
64098|Zip Code in or bordering Kansas
64101|Zip Code in or bordering Kansas
64102|Zip Code in or bordering Kansas
64105|Zip Code in or bordering Kansas
64108|Zip Code in or bordering Kansas
64111|Zip Code in or bordering Kansas
64112|Zip Code in or bordering Kansas
64113|Zip Code in or bordering Kansas
64114|Zip Code in or bordering Kansas
64116|Zip Code in or bordering Kansas
64145|Zip Code in or bordering Kansas
64150|Zip Code in or bordering Kansas
64152|Zip Code in or bordering Kansas
64421|Zip Code in or bordering Kansas
64437|Zip Code in or bordering Kansas
64451|Zip Code in or bordering Kansas
64473|Zip Code in or bordering Kansas
64484|Zip Code in or bordering Kansas
64503|Zip Code in or bordering Kansas
64504|Zip Code in or bordering Kansas
64505|Zip Code in or bordering Kansas
64722|Zip Code in or bordering Kansas
64723|Zip Code in or bordering Kansas
64728|Zip Code in or bordering Kansas
64734|Zip Code in or bordering Kansas
64741|Zip Code in or bordering Kansas
64742|Zip Code in or bordering Kansas
64745|Zip Code in or bordering Kansas
64752|Zip Code in or bordering Kansas
64762|Zip Code in or bordering Kansas
64769|Zip Code in or bordering Kansas
64778|Zip Code in or bordering Kansas
64801|Zip Code in or bordering Kansas
64804|Zip Code in or bordering Kansas
64832|Zip Code in or bordering Kansas
64834|Zip Code in or bordering Kansas
66002|Zip Code in or bordering Kansas
66006|Zip Code in or bordering Kansas
66007|Zip Code in or bordering Kansas
66008|Zip Code in or bordering Kansas
66010|Zip Code in or bordering Kansas
66012|Zip Code in or bordering Kansas
66013|Zip Code in or bordering Kansas
66014|Zip Code in or bordering Kansas
66015|Zip Code in or bordering Kansas
66016|Zip Code in or bordering Kansas
66017|Zip Code in or bordering Kansas
66018|Zip Code in or bordering Kansas
66020|Zip Code in or bordering Kansas
66021|Zip Code in or bordering Kansas
66023|Zip Code in or bordering Kansas
66025|Zip Code in or bordering Kansas
66026|Zip Code in or bordering Kansas
66027|Zip Code in or bordering Kansas
66030|Zip Code in or bordering Kansas
66031|Zip Code in or bordering Kansas
66032|Zip Code in or bordering Kansas
66033|Zip Code in or bordering Kansas
66035|Zip Code in or bordering Kansas
66039|Zip Code in or bordering Kansas
66040|Zip Code in or bordering Kansas
66041|Zip Code in or bordering Kansas
66042|Zip Code in or bordering Kansas
66043|Zip Code in or bordering Kansas
66044|Zip Code in or bordering Kansas
66045|Zip Code in or bordering Kansas
66046|Zip Code in or bordering Kansas
66047|Zip Code in or bordering Kansas
66048|Zip Code in or bordering Kansas
66049|Zip Code in or bordering Kansas
66050|Zip Code in or bordering Kansas
66052|Zip Code in or bordering Kansas
66053|Zip Code in or bordering Kansas
66054|Zip Code in or bordering Kansas
66056|Zip Code in or bordering Kansas
66058|Zip Code in or bordering Kansas
66060|Zip Code in or bordering Kansas
66061|Zip Code in or bordering Kansas
66062|Zip Code in or bordering Kansas
66064|Zip Code in or bordering Kansas
66066|Zip Code in or bordering Kansas
66067|Zip Code in or bordering Kansas
66070|Zip Code in or bordering Kansas
66071|Zip Code in or bordering Kansas
66072|Zip Code in or bordering Kansas
66073|Zip Code in or bordering Kansas
66075|Zip Code in or bordering Kansas
66076|Zip Code in or bordering Kansas
66078|Zip Code in or bordering Kansas
66079|Zip Code in or bordering Kansas
66080|Zip Code in or bordering Kansas
66083|Zip Code in or bordering Kansas
66085|Zip Code in or bordering Kansas
66086|Zip Code in or bordering Kansas
66087|Zip Code in or bordering Kansas
66088|Zip Code in or bordering Kansas
66090|Zip Code in or bordering Kansas
66091|Zip Code in or bordering Kansas
66092|Zip Code in or bordering Kansas
66093|Zip Code in or bordering Kansas
66094|Zip Code in or bordering Kansas
66095|Zip Code in or bordering Kansas
66097|Zip Code in or bordering Kansas
66101|Zip Code in or bordering Kansas
66102|Zip Code in or bordering Kansas
66103|Zip Code in or bordering Kansas
66104|Zip Code in or bordering Kansas
66105|Zip Code in or bordering Kansas
66106|Zip Code in or bordering Kansas
66109|Zip Code in or bordering Kansas
66111|Zip Code in or bordering Kansas
66112|Zip Code in or bordering Kansas
66113|Zip Code in or bordering Kansas
66115|Zip Code in or bordering Kansas
66118|Zip Code in or bordering Kansas
66160|Zip Code in or bordering Kansas
66202|Zip Code in or bordering Kansas
66203|Zip Code in or bordering Kansas
66204|Zip Code in or bordering Kansas
66205|Zip Code in or bordering Kansas
66206|Zip Code in or bordering Kansas
66207|Zip Code in or bordering Kansas
66208|Zip Code in or bordering Kansas
66209|Zip Code in or bordering Kansas
66210|Zip Code in or bordering Kansas
66211|Zip Code in or bordering Kansas
66212|Zip Code in or bordering Kansas
66213|Zip Code in or bordering Kansas
66214|Zip Code in or bordering Kansas
66215|Zip Code in or bordering Kansas
66216|Zip Code in or bordering Kansas
66217|Zip Code in or bordering Kansas
66218|Zip Code in or bordering Kansas
66219|Zip Code in or bordering Kansas
66220|Zip Code in or bordering Kansas
66221|Zip Code in or bordering Kansas
66223|Zip Code in or bordering Kansas
66224|Zip Code in or bordering Kansas
66226|Zip Code in or bordering Kansas
66227|Zip Code in or bordering Kansas
66401|Zip Code in or bordering Kansas
66402|Zip Code in or bordering Kansas
66403|Zip Code in or bordering Kansas
66404|Zip Code in or bordering Kansas
66406|Zip Code in or bordering Kansas
66407|Zip Code in or bordering Kansas
66408|Zip Code in or bordering Kansas
66409|Zip Code in or bordering Kansas
66411|Zip Code in or bordering Kansas
66412|Zip Code in or bordering Kansas
66413|Zip Code in or bordering Kansas
66414|Zip Code in or bordering Kansas
66415|Zip Code in or bordering Kansas
66416|Zip Code in or bordering Kansas
66417|Zip Code in or bordering Kansas
66418|Zip Code in or bordering Kansas
66419|Zip Code in or bordering Kansas
66422|Zip Code in or bordering Kansas
66423|Zip Code in or bordering Kansas
66424|Zip Code in or bordering Kansas
66425|Zip Code in or bordering Kansas
66427|Zip Code in or bordering Kansas
66428|Zip Code in or bordering Kansas
66429|Zip Code in or bordering Kansas
66431|Zip Code in or bordering Kansas
66432|Zip Code in or bordering Kansas
66434|Zip Code in or bordering Kansas
66436|Zip Code in or bordering Kansas
66438|Zip Code in or bordering Kansas
66439|Zip Code in or bordering Kansas
66440|Zip Code in or bordering Kansas
66441|Zip Code in or bordering Kansas
66442|Zip Code in or bordering Kansas
66449|Zip Code in or bordering Kansas
66451|Zip Code in or bordering Kansas
66502|Zip Code in or bordering Kansas
66503|Zip Code in or bordering Kansas
66506|Zip Code in or bordering Kansas
66507|Zip Code in or bordering Kansas
66508|Zip Code in or bordering Kansas
66509|Zip Code in or bordering Kansas
66510|Zip Code in or bordering Kansas
66512|Zip Code in or bordering Kansas
66514|Zip Code in or bordering Kansas
66515|Zip Code in or bordering Kansas
66516|Zip Code in or bordering Kansas
66517|Zip Code in or bordering Kansas
66518|Zip Code in or bordering Kansas
66520|Zip Code in or bordering Kansas
66521|Zip Code in or bordering Kansas
66522|Zip Code in or bordering Kansas
66523|Zip Code in or bordering Kansas
66524|Zip Code in or bordering Kansas
66526|Zip Code in or bordering Kansas
66527|Zip Code in or bordering Kansas
66528|Zip Code in or bordering Kansas
66531|Zip Code in or bordering Kansas
66532|Zip Code in or bordering Kansas
66533|Zip Code in or bordering Kansas
66534|Zip Code in or bordering Kansas
66535|Zip Code in or bordering Kansas
66536|Zip Code in or bordering Kansas
66537|Zip Code in or bordering Kansas
66538|Zip Code in or bordering Kansas
66539|Zip Code in or bordering Kansas
66540|Zip Code in or bordering Kansas
66541|Zip Code in or bordering Kansas
66542|Zip Code in or bordering Kansas
66543|Zip Code in or bordering Kansas
66544|Zip Code in or bordering Kansas
66546|Zip Code in or bordering Kansas
66547|Zip Code in or bordering Kansas
66548|Zip Code in or bordering Kansas
66549|Zip Code in or bordering Kansas
66550|Zip Code in or bordering Kansas
66552|Zip Code in or bordering Kansas
66554|Zip Code in or bordering Kansas
66603|Zip Code in or bordering Kansas
66604|Zip Code in or bordering Kansas
66605|Zip Code in or bordering Kansas
66606|Zip Code in or bordering Kansas
66607|Zip Code in or bordering Kansas
66608|Zip Code in or bordering Kansas
66609|Zip Code in or bordering Kansas
66610|Zip Code in or bordering Kansas
66611|Zip Code in or bordering Kansas
66612|Zip Code in or bordering Kansas
66614|Zip Code in or bordering Kansas
66615|Zip Code in or bordering Kansas
66616|Zip Code in or bordering Kansas
66617|Zip Code in or bordering Kansas
66618|Zip Code in or bordering Kansas
66619|Zip Code in or bordering Kansas
66701|Zip Code in or bordering Kansas
66710|Zip Code in or bordering Kansas
66711|Zip Code in or bordering Kansas
66712|Zip Code in or bordering Kansas
66713|Zip Code in or bordering Kansas
66714|Zip Code in or bordering Kansas
66716|Zip Code in or bordering Kansas
66717|Zip Code in or bordering Kansas
66720|Zip Code in or bordering Kansas
66724|Zip Code in or bordering Kansas
66725|Zip Code in or bordering Kansas
66728|Zip Code in or bordering Kansas
66732|Zip Code in or bordering Kansas
66733|Zip Code in or bordering Kansas
66734|Zip Code in or bordering Kansas
66735|Zip Code in or bordering Kansas
66736|Zip Code in or bordering Kansas
66738|Zip Code in or bordering Kansas
66739|Zip Code in or bordering Kansas
66740|Zip Code in or bordering Kansas
66741|Zip Code in or bordering Kansas
66743|Zip Code in or bordering Kansas
66746|Zip Code in or bordering Kansas
66748|Zip Code in or bordering Kansas
66749|Zip Code in or bordering Kansas
66751|Zip Code in or bordering Kansas
66753|Zip Code in or bordering Kansas
66754|Zip Code in or bordering Kansas
66755|Zip Code in or bordering Kansas
66756|Zip Code in or bordering Kansas
66757|Zip Code in or bordering Kansas
66758|Zip Code in or bordering Kansas
66761|Zip Code in or bordering Kansas
66762|Zip Code in or bordering Kansas
66763|Zip Code in or bordering Kansas
66767|Zip Code in or bordering Kansas
66769|Zip Code in or bordering Kansas
66770|Zip Code in or bordering Kansas
66771|Zip Code in or bordering Kansas
66772|Zip Code in or bordering Kansas
66773|Zip Code in or bordering Kansas
66775|Zip Code in or bordering Kansas
66776|Zip Code in or bordering Kansas
66777|Zip Code in or bordering Kansas
66778|Zip Code in or bordering Kansas
66779|Zip Code in or bordering Kansas
66780|Zip Code in or bordering Kansas
66781|Zip Code in or bordering Kansas
66783|Zip Code in or bordering Kansas
66801|Zip Code in or bordering Kansas
66830|Zip Code in or bordering Kansas
66833|Zip Code in or bordering Kansas
66834|Zip Code in or bordering Kansas
66835|Zip Code in or bordering Kansas
66838|Zip Code in or bordering Kansas
66839|Zip Code in or bordering Kansas
66840|Zip Code in or bordering Kansas
66842|Zip Code in or bordering Kansas
66843|Zip Code in or bordering Kansas
66845|Zip Code in or bordering Kansas
66846|Zip Code in or bordering Kansas
66849|Zip Code in or bordering Kansas
66850|Zip Code in or bordering Kansas
66851|Zip Code in or bordering Kansas
66852|Zip Code in or bordering Kansas
66853|Zip Code in or bordering Kansas
66854|Zip Code in or bordering Kansas
66856|Zip Code in or bordering Kansas
66857|Zip Code in or bordering Kansas
66858|Zip Code in or bordering Kansas
66859|Zip Code in or bordering Kansas
66860|Zip Code in or bordering Kansas
66861|Zip Code in or bordering Kansas
66862|Zip Code in or bordering Kansas
66864|Zip Code in or bordering Kansas
66865|Zip Code in or bordering Kansas
66866|Zip Code in or bordering Kansas
66868|Zip Code in or bordering Kansas
66869|Zip Code in or bordering Kansas
66870|Zip Code in or bordering Kansas
66871|Zip Code in or bordering Kansas
66872|Zip Code in or bordering Kansas
66873|Zip Code in or bordering Kansas
66901|Zip Code in or bordering Kansas
66930|Zip Code in or bordering Kansas
66932|Zip Code in or bordering Kansas
66933|Zip Code in or bordering Kansas
66935|Zip Code in or bordering Kansas
66936|Zip Code in or bordering Kansas
66937|Zip Code in or bordering Kansas
66938|Zip Code in or bordering Kansas
66939|Zip Code in or bordering Kansas
66940|Zip Code in or bordering Kansas
66941|Zip Code in or bordering Kansas
66942|Zip Code in or bordering Kansas
66943|Zip Code in or bordering Kansas
66944|Zip Code in or bordering Kansas
66945|Zip Code in or bordering Kansas
66946|Zip Code in or bordering Kansas
66948|Zip Code in or bordering Kansas
66949|Zip Code in or bordering Kansas
66951|Zip Code in or bordering Kansas
66952|Zip Code in or bordering Kansas
66953|Zip Code in or bordering Kansas
66955|Zip Code in or bordering Kansas
66956|Zip Code in or bordering Kansas
66958|Zip Code in or bordering Kansas
66959|Zip Code in or bordering Kansas
66960|Zip Code in or bordering Kansas
66961|Zip Code in or bordering Kansas
66962|Zip Code in or bordering Kansas
66963|Zip Code in or bordering Kansas
66964|Zip Code in or bordering Kansas
66966|Zip Code in or bordering Kansas
66967|Zip Code in or bordering Kansas
66968|Zip Code in or bordering Kansas
66970|Zip Code in or bordering Kansas
67001|Zip Code in or bordering Kansas
67002|Zip Code in or bordering Kansas
67003|Zip Code in or bordering Kansas
67004|Zip Code in or bordering Kansas
67005|Zip Code in or bordering Kansas
67008|Zip Code in or bordering Kansas
67009|Zip Code in or bordering Kansas
67010|Zip Code in or bordering Kansas
67013|Zip Code in or bordering Kansas
67016|Zip Code in or bordering Kansas
67017|Zip Code in or bordering Kansas
67018|Zip Code in or bordering Kansas
67019|Zip Code in or bordering Kansas
67020|Zip Code in or bordering Kansas
67021|Zip Code in or bordering Kansas
67022|Zip Code in or bordering Kansas
67023|Zip Code in or bordering Kansas
67024|Zip Code in or bordering Kansas
67025|Zip Code in or bordering Kansas
67026|Zip Code in or bordering Kansas
67028|Zip Code in or bordering Kansas
67029|Zip Code in or bordering Kansas
67030|Zip Code in or bordering Kansas
67031|Zip Code in or bordering Kansas
67035|Zip Code in or bordering Kansas
67036|Zip Code in or bordering Kansas
67037|Zip Code in or bordering Kansas
67038|Zip Code in or bordering Kansas
67039|Zip Code in or bordering Kansas
67042|Zip Code in or bordering Kansas
67045|Zip Code in or bordering Kansas
67047|Zip Code in or bordering Kansas
67049|Zip Code in or bordering Kansas
67050|Zip Code in or bordering Kansas
67051|Zip Code in or bordering Kansas
67052|Zip Code in or bordering Kansas
67053|Zip Code in or bordering Kansas
67054|Zip Code in or bordering Kansas
67055|Zip Code in or bordering Kansas
67056|Zip Code in or bordering Kansas
67057|Zip Code in or bordering Kansas
67058|Zip Code in or bordering Kansas
67059|Zip Code in or bordering Kansas
67060|Zip Code in or bordering Kansas
67061|Zip Code in or bordering Kansas
67062|Zip Code in or bordering Kansas
67063|Zip Code in or bordering Kansas
67065|Zip Code in or bordering Kansas
67066|Zip Code in or bordering Kansas
67067|Zip Code in or bordering Kansas
67068|Zip Code in or bordering Kansas
67070|Zip Code in or bordering Kansas
67071|Zip Code in or bordering Kansas
67072|Zip Code in or bordering Kansas
67073|Zip Code in or bordering Kansas
67074|Zip Code in or bordering Kansas
67101|Zip Code in or bordering Kansas
67102|Zip Code in or bordering Kansas
67103|Zip Code in or bordering Kansas
67104|Zip Code in or bordering Kansas
67105|Zip Code in or bordering Kansas
67106|Zip Code in or bordering Kansas
67107|Zip Code in or bordering Kansas
67108|Zip Code in or bordering Kansas
67109|Zip Code in or bordering Kansas
67110|Zip Code in or bordering Kansas
67111|Zip Code in or bordering Kansas
67112|Zip Code in or bordering Kansas
67114|Zip Code in or bordering Kansas
67117|Zip Code in or bordering Kansas
67118|Zip Code in or bordering Kansas
67119|Zip Code in or bordering Kansas
67120|Zip Code in or bordering Kansas
67122|Zip Code in or bordering Kansas
67123|Zip Code in or bordering Kansas
67124|Zip Code in or bordering Kansas
67127|Zip Code in or bordering Kansas
67131|Zip Code in or bordering Kansas
67132|Zip Code in or bordering Kansas
67133|Zip Code in or bordering Kansas
67134|Zip Code in or bordering Kansas
67135|Zip Code in or bordering Kansas
67137|Zip Code in or bordering Kansas
67138|Zip Code in or bordering Kansas
67140|Zip Code in or bordering Kansas
67142|Zip Code in or bordering Kansas
67143|Zip Code in or bordering Kansas
67144|Zip Code in or bordering Kansas
67146|Zip Code in or bordering Kansas
67147|Zip Code in or bordering Kansas
67149|Zip Code in or bordering Kansas
67150|Zip Code in or bordering Kansas
67151|Zip Code in or bordering Kansas
67152|Zip Code in or bordering Kansas
67154|Zip Code in or bordering Kansas
67155|Zip Code in or bordering Kansas
67156|Zip Code in or bordering Kansas
67159|Zip Code in or bordering Kansas
67202|Zip Code in or bordering Kansas
67203|Zip Code in or bordering Kansas
67204|Zip Code in or bordering Kansas
67205|Zip Code in or bordering Kansas
67206|Zip Code in or bordering Kansas
67207|Zip Code in or bordering Kansas
67208|Zip Code in or bordering Kansas
67209|Zip Code in or bordering Kansas
67210|Zip Code in or bordering Kansas
67211|Zip Code in or bordering Kansas
67212|Zip Code in or bordering Kansas
67213|Zip Code in or bordering Kansas
67214|Zip Code in or bordering Kansas
67215|Zip Code in or bordering Kansas
67216|Zip Code in or bordering Kansas
67217|Zip Code in or bordering Kansas
67218|Zip Code in or bordering Kansas
67219|Zip Code in or bordering Kansas
67220|Zip Code in or bordering Kansas
67221|Zip Code in or bordering Kansas
67223|Zip Code in or bordering Kansas
67226|Zip Code in or bordering Kansas
67227|Zip Code in or bordering Kansas
67228|Zip Code in or bordering Kansas
67230|Zip Code in or bordering Kansas
67232|Zip Code in or bordering Kansas
67235|Zip Code in or bordering Kansas
67260|Zip Code in or bordering Kansas
67301|Zip Code in or bordering Kansas
67330|Zip Code in or bordering Kansas
67332|Zip Code in or bordering Kansas
67333|Zip Code in or bordering Kansas
67335|Zip Code in or bordering Kansas
67336|Zip Code in or bordering Kansas
67337|Zip Code in or bordering Kansas
67341|Zip Code in or bordering Kansas
67342|Zip Code in or bordering Kansas
67344|Zip Code in or bordering Kansas
67345|Zip Code in or bordering Kansas
67346|Zip Code in or bordering Kansas
67347|Zip Code in or bordering Kansas
67349|Zip Code in or bordering Kansas
67351|Zip Code in or bordering Kansas
67352|Zip Code in or bordering Kansas
67353|Zip Code in or bordering Kansas
67354|Zip Code in or bordering Kansas
67355|Zip Code in or bordering Kansas
67356|Zip Code in or bordering Kansas
67357|Zip Code in or bordering Kansas
67360|Zip Code in or bordering Kansas
67361|Zip Code in or bordering Kansas
67401|Zip Code in or bordering Kansas
67410|Zip Code in or bordering Kansas
67416|Zip Code in or bordering Kansas
67417|Zip Code in or bordering Kansas
67418|Zip Code in or bordering Kansas
67420|Zip Code in or bordering Kansas
67422|Zip Code in or bordering Kansas
67423|Zip Code in or bordering Kansas
67425|Zip Code in or bordering Kansas
67427|Zip Code in or bordering Kansas
67428|Zip Code in or bordering Kansas
67430|Zip Code in or bordering Kansas
67431|Zip Code in or bordering Kansas
67432|Zip Code in or bordering Kansas
67436|Zip Code in or bordering Kansas
67437|Zip Code in or bordering Kansas
67438|Zip Code in or bordering Kansas
67439|Zip Code in or bordering Kansas
67441|Zip Code in or bordering Kansas
67442|Zip Code in or bordering Kansas
67443|Zip Code in or bordering Kansas
67444|Zip Code in or bordering Kansas
67445|Zip Code in or bordering Kansas
67446|Zip Code in or bordering Kansas
67447|Zip Code in or bordering Kansas
67448|Zip Code in or bordering Kansas
67449|Zip Code in or bordering Kansas
67450|Zip Code in or bordering Kansas
67451|Zip Code in or bordering Kansas
67452|Zip Code in or bordering Kansas
67454|Zip Code in or bordering Kansas
67455|Zip Code in or bordering Kansas
67456|Zip Code in or bordering Kansas
67457|Zip Code in or bordering Kansas
67458|Zip Code in or bordering Kansas
67459|Zip Code in or bordering Kansas
67460|Zip Code in or bordering Kansas
67464|Zip Code in or bordering Kansas
67466|Zip Code in or bordering Kansas
67467|Zip Code in or bordering Kansas
67468|Zip Code in or bordering Kansas
67470|Zip Code in or bordering Kansas
67473|Zip Code in or bordering Kansas
67474|Zip Code in or bordering Kansas
67475|Zip Code in or bordering Kansas
67476|Zip Code in or bordering Kansas
67478|Zip Code in or bordering Kansas
67480|Zip Code in or bordering Kansas
67481|Zip Code in or bordering Kansas
67482|Zip Code in or bordering Kansas
67483|Zip Code in or bordering Kansas
67484|Zip Code in or bordering Kansas
67485|Zip Code in or bordering Kansas
67487|Zip Code in or bordering Kansas
67490|Zip Code in or bordering Kansas
67491|Zip Code in or bordering Kansas
67492|Zip Code in or bordering Kansas
67501|Zip Code in or bordering Kansas
67502|Zip Code in or bordering Kansas
67505|Zip Code in or bordering Kansas
67510|Zip Code in or bordering Kansas
67511|Zip Code in or bordering Kansas
67512|Zip Code in or bordering Kansas
67513|Zip Code in or bordering Kansas
67514|Zip Code in or bordering Kansas
67515|Zip Code in or bordering Kansas
67516|Zip Code in or bordering Kansas
67518|Zip Code in or bordering Kansas
67519|Zip Code in or bordering Kansas
67520|Zip Code in or bordering Kansas
67521|Zip Code in or bordering Kansas
67522|Zip Code in or bordering Kansas
67523|Zip Code in or bordering Kansas
67524|Zip Code in or bordering Kansas
67525|Zip Code in or bordering Kansas
67526|Zip Code in or bordering Kansas
67529|Zip Code in or bordering Kansas
67530|Zip Code in or bordering Kansas
67543|Zip Code in or bordering Kansas
67544|Zip Code in or bordering Kansas
67545|Zip Code in or bordering Kansas
67546|Zip Code in or bordering Kansas
67547|Zip Code in or bordering Kansas
67548|Zip Code in or bordering Kansas
67550|Zip Code in or bordering Kansas
67552|Zip Code in or bordering Kansas
67553|Zip Code in or bordering Kansas
67554|Zip Code in or bordering Kansas
67556|Zip Code in or bordering Kansas
67557|Zip Code in or bordering Kansas
67559|Zip Code in or bordering Kansas
67560|Zip Code in or bordering Kansas
67561|Zip Code in or bordering Kansas
67563|Zip Code in or bordering Kansas
67564|Zip Code in or bordering Kansas
67565|Zip Code in or bordering Kansas
67566|Zip Code in or bordering Kansas
67567|Zip Code in or bordering Kansas
67568|Zip Code in or bordering Kansas
67570|Zip Code in or bordering Kansas
67572|Zip Code in or bordering Kansas
67573|Zip Code in or bordering Kansas
67574|Zip Code in or bordering Kansas
67575|Zip Code in or bordering Kansas
67576|Zip Code in or bordering Kansas
67578|Zip Code in or bordering Kansas
67579|Zip Code in or bordering Kansas
67581|Zip Code in or bordering Kansas
67583|Zip Code in or bordering Kansas
67584|Zip Code in or bordering Kansas
67601|Zip Code in or bordering Kansas
67621|Zip Code in or bordering Kansas
67622|Zip Code in or bordering Kansas
67623|Zip Code in or bordering Kansas
67625|Zip Code in or bordering Kansas
67626|Zip Code in or bordering Kansas
67627|Zip Code in or bordering Kansas
67628|Zip Code in or bordering Kansas
67629|Zip Code in or bordering Kansas
67631|Zip Code in or bordering Kansas
67632|Zip Code in or bordering Kansas
67634|Zip Code in or bordering Kansas
67635|Zip Code in or bordering Kansas
67637|Zip Code in or bordering Kansas
67638|Zip Code in or bordering Kansas
67639|Zip Code in or bordering Kansas
67640|Zip Code in or bordering Kansas
67642|Zip Code in or bordering Kansas
67643|Zip Code in or bordering Kansas
67644|Zip Code in or bordering Kansas
67645|Zip Code in or bordering Kansas
67646|Zip Code in or bordering Kansas
67647|Zip Code in or bordering Kansas
67648|Zip Code in or bordering Kansas
67649|Zip Code in or bordering Kansas
67650|Zip Code in or bordering Kansas
67651|Zip Code in or bordering Kansas
67653|Zip Code in or bordering Kansas
67654|Zip Code in or bordering Kansas
67656|Zip Code in or bordering Kansas
67657|Zip Code in or bordering Kansas
67658|Zip Code in or bordering Kansas
67659|Zip Code in or bordering Kansas
67660|Zip Code in or bordering Kansas
67661|Zip Code in or bordering Kansas
67663|Zip Code in or bordering Kansas
67664|Zip Code in or bordering Kansas
67665|Zip Code in or bordering Kansas
67669|Zip Code in or bordering Kansas
67671|Zip Code in or bordering Kansas
67672|Zip Code in or bordering Kansas
67673|Zip Code in or bordering Kansas
67675|Zip Code in or bordering Kansas
67701|Zip Code in or bordering Kansas
67730|Zip Code in or bordering Kansas
67731|Zip Code in or bordering Kansas
67732|Zip Code in or bordering Kansas
67733|Zip Code in or bordering Kansas
67734|Zip Code in or bordering Kansas
67735|Zip Code in or bordering Kansas
67736|Zip Code in or bordering Kansas
67737|Zip Code in or bordering Kansas
67738|Zip Code in or bordering Kansas
67739|Zip Code in or bordering Kansas
67740|Zip Code in or bordering Kansas
67741|Zip Code in or bordering Kansas
67743|Zip Code in or bordering Kansas
67744|Zip Code in or bordering Kansas
67745|Zip Code in or bordering Kansas
67747|Zip Code in or bordering Kansas
67748|Zip Code in or bordering Kansas
67749|Zip Code in or bordering Kansas
67751|Zip Code in or bordering Kansas
67752|Zip Code in or bordering Kansas
67753|Zip Code in or bordering Kansas
67756|Zip Code in or bordering Kansas
67757|Zip Code in or bordering Kansas
67758|Zip Code in or bordering Kansas
67761|Zip Code in or bordering Kansas
67762|Zip Code in or bordering Kansas
67764|Zip Code in or bordering Kansas
67801|Zip Code in or bordering Kansas
67831|Zip Code in or bordering Kansas
67834|Zip Code in or bordering Kansas
67835|Zip Code in or bordering Kansas
67837|Zip Code in or bordering Kansas
67838|Zip Code in or bordering Kansas
67839|Zip Code in or bordering Kansas
67840|Zip Code in or bordering Kansas
67841|Zip Code in or bordering Kansas
67842|Zip Code in or bordering Kansas
67844|Zip Code in or bordering Kansas
67846|Zip Code in or bordering Kansas
67849|Zip Code in or bordering Kansas
67850|Zip Code in or bordering Kansas
67851|Zip Code in or bordering Kansas
67853|Zip Code in or bordering Kansas
67854|Zip Code in or bordering Kansas
67855|Zip Code in or bordering Kansas
67857|Zip Code in or bordering Kansas
67859|Zip Code in or bordering Kansas
67860|Zip Code in or bordering Kansas
67861|Zip Code in or bordering Kansas
67862|Zip Code in or bordering Kansas
67863|Zip Code in or bordering Kansas
67864|Zip Code in or bordering Kansas
67865|Zip Code in or bordering Kansas
67867|Zip Code in or bordering Kansas
67868|Zip Code in or bordering Kansas
67869|Zip Code in or bordering Kansas
67870|Zip Code in or bordering Kansas
67871|Zip Code in or bordering Kansas
67876|Zip Code in or bordering Kansas
67877|Zip Code in or bordering Kansas
67878|Zip Code in or bordering Kansas
67879|Zip Code in or bordering Kansas
67880|Zip Code in or bordering Kansas
67882|Zip Code in or bordering Kansas
67901|Zip Code in or bordering Kansas
67950|Zip Code in or bordering Kansas
67951|Zip Code in or bordering Kansas
67952|Zip Code in or bordering Kansas
67953|Zip Code in or bordering Kansas
67954|Zip Code in or bordering Kansas
68323|Zip Code in or bordering Kansas
68325|Zip Code in or bordering Kansas
68327|Zip Code in or bordering Kansas
68342|Zip Code in or bordering Kansas
68345|Zip Code in or bordering Kansas
68350|Zip Code in or bordering Kansas
68352|Zip Code in or bordering Kansas
68355|Zip Code in or bordering Kansas
68375|Zip Code in or bordering Kansas
68376|Zip Code in or bordering Kansas
68381|Zip Code in or bordering Kansas
68415|Zip Code in or bordering Kansas
68420|Zip Code in or bordering Kansas
68429|Zip Code in or bordering Kansas
68431|Zip Code in or bordering Kansas
68433|Zip Code in or bordering Kansas
68440|Zip Code in or bordering Kansas
68466|Zip Code in or bordering Kansas
68920|Zip Code in or bordering Kansas
68926|Zip Code in or bordering Kansas
68929|Zip Code in or bordering Kansas
68942|Zip Code in or bordering Kansas
68943|Zip Code in or bordering Kansas
68946|Zip Code in or bordering Kansas
68952|Zip Code in or bordering Kansas
68960|Zip Code in or bordering Kansas
68966|Zip Code in or bordering Kansas
68970|Zip Code in or bordering Kansas
68971|Zip Code in or bordering Kansas
68972|Zip Code in or bordering Kansas
68977|Zip Code in or bordering Kansas
68978|Zip Code in or bordering Kansas
69001|Zip Code in or bordering Kansas
69021|Zip Code in or bordering Kansas
69024|Zip Code in or bordering Kansas
69026|Zip Code in or bordering Kansas
69030|Zip Code in or bordering Kansas
69036|Zip Code in or bordering Kansas
69037|Zip Code in or bordering Kansas
69041|Zip Code in or bordering Kansas
69043|Zip Code in or bordering Kansas
69044|Zip Code in or bordering Kansas
69046|Zip Code in or bordering Kansas
73717|Zip Code in or bordering Kansas
73719|Zip Code in or bordering Kansas
73722|Zip Code in or bordering Kansas
73758|Zip Code in or bordering Kansas
73759|Zip Code in or bordering Kansas
73834|Zip Code in or bordering Kansas
73842|Zip Code in or bordering Kansas
73844|Zip Code in or bordering Kansas
73855|Zip Code in or bordering Kansas
73938|Zip Code in or bordering Kansas
73939|Zip Code in or bordering Kansas
73942|Zip Code in or bordering Kansas
73945|Zip Code in or bordering Kansas
73947|Zip Code in or bordering Kansas
73950|Zip Code in or bordering Kansas
73951|Zip Code in or bordering Kansas
74022|Zip Code in or bordering Kansas
74056|Zip Code in or bordering Kansas
74072|Zip Code in or bordering Kansas
74083|Zip Code in or bordering Kansas
74354|Zip Code in or bordering Kansas
74360|Zip Code in or bordering Kansas
74363|Zip Code in or bordering Kansas
74369|Zip Code in or bordering Kansas
74632|Zip Code in or bordering Kansas
74647|Zip Code in or bordering Kansas
74652|Zip Code in or bordering Kansas
80735|Zip Code in or bordering Kansas
80758|Zip Code in or bordering Kansas
80802|Zip Code in or bordering Kansas
80807|Zip Code in or bordering Kansas
81047|Zip Code in or bordering Kansas
81071|Zip Code in or bordering Kansas
81090|Zip Code in or bordering Kansas







































































































































































































